{
	"versionInfo" : {
		"minecraftArguments" : "--username ${auth_player_name} --session ${auth_session} --version ${version_name} --gameDir ${game_directory} --assetsDir ${game_assets} --tweakClass cpw.mods.fml.common.launcher.FMLTweaker",
        "libraries": [
            {
                "url": "http://files.minecraftforge.net/maven/",
                "name": "net.minecraftforge:minecraftforge:9.10.0.845"
            },
            {
                "serverreq": true,
                "name": "net.minecraft:launchwrapper:1.3"
            },
            {
                "serverreq": true,
                "name": "org.ow2.asm:asm-all:4.1"
            },
            {
				"url" : "http://files.minecraftforge.net/maven/",
				"comment" : "Important for Forge, we add this",
				"serverreq" : true,
				"name" : "org.scala-lang:scala-library:2.10.2",
				"clientreq" : true
            },
            {
				"url" : "http://files.minecraftforge.net/maven/",
				"comment" : "Important for Forge, we add this",
				"serverreq" : true,
				"name" : "org.scala-lang:scala-compiler:2.10.2",
				"clientreq" : true
			}, {
				"name" : "net.sf.jopt-simple:jopt-simple:4.5",
				"serverreq" : true
			}, {
				"name" : "lzma:lzma:0.0.1",
				"serverreq" : true
			}, {
				"name" : "argo:argo:2.25_fixed"
			}, {
				"name" : "org.bouncycastle:bcprov-jdk15on:1.47"
			}, {
				"name" : "com.google.guava:guava:14.0"
			}, {
				"name" : "org.apache.commons:commons-lang3:3.1"
			}, {
				"name" : "commons-io:commons-io:2.4"
			}, {
				"name" : "com.google.code.gson:gson:2.2.2"
			}
		],
        "mainClass": "net.minecraft.launchwrapper.Launch",
        "minimumLauncherVersion": 4,
        "time": "2013-08-28T22:21:38-0500",
        "id": "1.6.2-Forge9.10.0.845",
        "type": "release",
        "processArguments": "username_session_version",
        "releaseTime": "1960-01-01T00:00:00-0700"
    },
    "install": {
        "target": "1.6.2-Forge9.10.0.845",
        "filePath": "minecraftforge-universal-1.6.2-9.10.0.845.jar",
        "logo": "/big_logo.png",
        "welcome": "Welcome to the simple Forge installer.",
        "version": "Forge 9.10.0.845",
        "path": "net.minecraftforge:minecraftforge:9.10.0.845",
        "profileName": "Forge",
        "minecraft": "1.6.2"
    }
}