{
  "install": {
    "profileName": "Forge",
    "target":"1.6.2-Forge9.10.0.790",
    "path":"net.minecraftforge:minecraftforge:9.10.0.790",
    "version":"Forge 9.10.0.790",
    "filePath":"minecraftforge-universal-1.6.2-9.10.0.790.jar",
    "welcome":"Welcome to the simple Forge installer.",
    "minecraft":"1.6.2",
    "logo":"/big_logo.png"
  },
  "versionInfo": {
    "id": "1.6.2-Forge9.10.0.790",
    "time": "2013-07-12T07:27:04-0500",
    "releaseTime": "1960-01-01T00:00:00-0700",
    "type": "release",
    "processArguments": "username_session_version",
    "minecraftArguments": "--username ${auth_player_name} --session ${auth_session} --version ${version_name} --gameDir ${game_directory} --assetsDir ${game_assets} --tweakClass cpw.mods.fml.common.launcher.FMLTweaker",
    "minimumLauncherVersion": 2,
    "libraries": [
      {
        "name": "net.minecraftforge:minecraftforge:9.10.0.790",
        "url": "http://files.minecraftforge.net/maven/"
      },
      {
        "name": "org.ow2.asm:asm-all:4.1",
        "serverreq":true
      },
      {
        "name": "net.sf.jopt-simple:jopt-simple:4.5",
        "serverreq":true
      },
      {
        "name": "lzma:lzma:0.0.1",
        "serverreq":true
      },
      {
        "name": "argo:argo:2.25_fixed"
      },
      {
        "name": "org.bouncycastle:bcprov-jdk15on:1.47"
      },
      {
        "name": "com.google.guava:guava:14.0"
      },
      {
        "name": "org.apache.commons:commons-lang3:3.1"
      },
      {
        "name": "commons-io:commons-io:2.4"
      },
      {
        "name": "com.google.code.gson:gson:2.2.2"
      }
      ],
      "mainClass": "net.minecraft.launchwrapper.Launch"
  }
}
